frame,timestamp
depth_00000.png,1578998487.6499813
depth_00001.png,1578998487.682059
depth_00002.png,1578998487.7100506
depth_00003.png,1578998487.745717
depth_00004.png,1578998487.7745776
depth_00005.png,1578998487.8146596
depth_00006.png,1578998487.8486993
depth_00007.png,1578998487.8854313
depth_00008.png,1578998487.920105
depth_00009.png,1578998487.9535484
depth_00010.png,1578998488.200571
depth_00011.png,1578998488.2438529
depth_00012.png,1578998488.2817464
depth_00013.png,1578998488.308
depth_00014.png,1578998488.3462942
depth_00015.png,1578998488.3800473
depth_00016.png,1578998488.4129727
depth_00017.png,1578998488.4453948
depth_00018.png,1578998488.4802945
depth_00019.png,1578998488.50773
depth_00020.png,1578998488.5439792
depth_00021.png,1578998488.5814326
depth_00022.png,1578998488.6120412
depth_00023.png,1578998488.6469402
depth_00024.png,1578998488.676374
depth_00025.png,1578998488.7032256
depth_00026.png,1578998488.7418795
depth_00027.png,1578998488.775301
depth_00028.png,1578998488.817898
depth_00029.png,1578998488.8516867
depth_00030.png,1578998488.8791275
depth_00031.png,1578998488.9110217
depth_00032.png,1578998488.9438648
depth_00033.png,1578998488.9816177
depth_00034.png,1578998489.0171819
depth_00035.png,1578998489.0410287
depth_00036.png,1578998489.077324
depth_00037.png,1578998489.1125178
depth_00038.png,1578998489.148887
depth_00039.png,1578998489.1809244
depth_00040.png,1578998489.212252
depth_00041.png,1578998489.240099
depth_00042.png,1578998489.279754
depth_00043.png,1578998489.3133373
depth_00044.png,1578998489.3519454
depth_00045.png,1578998489.3850803
depth_00046.png,1578998489.410085
depth_00047.png,1578998489.451146
depth_00048.png,1578998489.483569
depth_00049.png,1578998489.5192127
depth_00050.png,1578998489.5593817
depth_00051.png,1578998489.5786588
depth_00052.png,1578998489.6106336
depth_00053.png,1578998489.6464221
depth_00054.png,1578998489.678786
depth_00055.png,1578998489.707438
depth_00056.png,1578998489.7425508
depth_00057.png,1578998489.7754803
depth_00058.png,1578998489.81421
depth_00059.png,1578998489.8510895
depth_00060.png,1578998489.8721476
depth_00061.png,1578998489.9140842
depth_00062.png,1578998489.963108
depth_00063.png,1578998489.9881856
depth_00064.png,1578998490.0130925
depth_00065.png,1578998490.0417898
depth_00066.png,1578998490.0791552
depth_00067.png,1578998490.1178763
depth_00068.png,1578998490.1462862
depth_00069.png,1578998490.1924603
depth_00070.png,1578998490.2266343
depth_00071.png,1578998490.2461636
depth_00072.png,1578998490.273641
depth_00073.png,1578998490.3144624
depth_00074.png,1578998490.3550756
depth_00075.png,1578998490.377636
depth_00076.png,1578998490.4070394
depth_00077.png,1578998490.4442868
depth_00078.png,1578998490.492169
depth_00079.png,1578998490.5045269
depth_00080.png,1578998490.5599885
depth_00081.png,1578998490.5808346
depth_00082.png,1578998490.6132278
depth_00083.png,1578998490.6470852
depth_00084.png,1578998490.688336
depth_00085.png,1578998490.7185004
depth_00086.png,1578998490.7432032
depth_00087.png,1578998490.7797618
depth_00088.png,1578998490.824349
depth_00089.png,1578998490.8394005
depth_00090.png,1578998490.881327
depth_00091.png,1578998490.9229145
depth_00092.png,1578998490.9525208
depth_00093.png,1578998490.9785874
depth_00094.png,1578998491.0120885
depth_00095.png,1578998491.0464146
depth_00096.png,1578998491.0817003
depth_00097.png,1578998491.1082864
depth_00098.png,1578998491.145248
depth_00099.png,1578998491.214209
depth_00100.png,1578998491.2479498
depth_00101.png,1578998491.2735226
depth_00102.png,1578998491.3185716
depth_00103.png,1578998491.3506932
depth_00104.png,1578998491.3872437
depth_00105.png,1578998491.4045644
depth_00106.png,1578998491.44612
depth_00107.png,1578998491.4838219
depth_00108.png,1578998491.5170872
depth_00109.png,1578998491.5516405
depth_00110.png,1578998491.5721512
depth_00111.png,1578998491.6118128
depth_00112.png,1578998491.6419153
depth_00113.png,1578998491.6805172
depth_00114.png,1578998491.7155685
depth_00115.png,1578998491.7481031
depth_00116.png,1578998491.780373
depth_00117.png,1578998491.81527
depth_00118.png,1578998491.8487983
depth_00119.png,1578998491.881699
depth_00120.png,1578998491.9077942
depth_00121.png,1578998491.9383986
depth_00122.png,1578998491.9734185
depth_00123.png,1578998492.0135975
depth_00124.png,1578998492.0502849
depth_00125.png,1578998492.0774362
depth_00126.png,1578998492.1055014
depth_00127.png,1578998492.1437397
depth_00128.png,1578998492.1862698
depth_00129.png,1578998492.211976
depth_00130.png,1578998492.255358
depth_00131.png,1578998492.2826061
depth_00132.png,1578998492.3174746
depth_00133.png,1578998492.338799
depth_00134.png,1578998492.376774
depth_00135.png,1578998492.4123554
depth_00136.png,1578998492.4464037
depth_00137.png,1578998492.4793346
depth_00138.png,1578998492.5132115
depth_00139.png,1578998492.546651
depth_00140.png,1578998492.5790133
depth_00141.png,1578998492.6129174
depth_00142.png,1578998492.647368
depth_00143.png,1578998492.6797597
depth_00144.png,1578998492.7156172
depth_00145.png,1578998492.7451935
depth_00146.png,1578998492.7787795
depth_00147.png,1578998492.8040674
depth_00148.png,1578998492.8449223
depth_00149.png,1578998492.880282
depth_00150.png,1578998492.9231143
depth_00151.png,1578998492.9471457
depth_00152.png,1578998492.9818497
depth_00153.png,1578998493.0136073
depth_00154.png,1578998493.0451803
depth_00155.png,1578998493.0821958
depth_00156.png,1578998493.115465
depth_00157.png,1578998493.1491315
depth_00158.png,1578998493.1811984
depth_00159.png,1578998493.2089279
depth_00160.png,1578998493.2418134
depth_00161.png,1578998493.2709389
depth_00162.png,1578998493.3075595
depth_00163.png,1578998493.3361065
depth_00164.png,1578998493.3717775
depth_00165.png,1578998493.4123425
depth_00166.png,1578998493.4486635
depth_00167.png,1578998493.472999
depth_00168.png,1578998493.5135763
depth_00169.png,1578998493.5467644
depth_00170.png,1578998493.5805056
depth_00171.png,1578998493.6111112
depth_00172.png,1578998493.6374595
depth_00173.png,1578998493.678177
depth_00174.png,1578998493.7158782
depth_00175.png,1578998493.7548857
depth_00176.png,1578998493.7714982
depth_00177.png,1578998493.8153198
depth_00178.png,1578998493.8511562
depth_00179.png,1578998493.8908124
depth_00180.png,1578998493.9088342
depth_00181.png,1578998493.94415
depth_00182.png,1578998493.9815032
depth_00183.png,1578998494.0221658
depth_00184.png,1578998494.0386913
depth_00185.png,1578998494.082749
depth_00186.png,1578998494.1070642
depth_00187.png,1578998494.1408389
depth_00188.png,1578998494.1774142
depth_00189.png,1578998494.2136588
depth_00190.png,1578998494.2411995
depth_00191.png,1578998494.2750053
depth_00192.png,1578998494.3064592
depth_00193.png,1578998494.3458486
depth_00194.png,1578998494.38278
depth_00195.png,1578998494.410525
depth_00196.png,1578998494.4482574
depth_00197.png,1578998494.4699287
depth_00198.png,1578998494.5097125
depth_00199.png,1578998494.545301
depth_00200.png,1578998494.5747032
depth_00201.png,1578998494.6126897
depth_00202.png,1578998494.6517377
depth_00203.png,1578998494.6827435
depth_00204.png,1578998494.7139275
depth_00205.png,1578998494.7373683
depth_00206.png,1578998494.7770088
depth_00207.png,1578998494.8157609
depth_00208.png,1578998494.8510067
depth_00209.png,1578998494.8887873
depth_00210.png,1578998494.9231215
depth_00211.png,1578998494.9363756
depth_00212.png,1578998494.9796426
depth_00213.png,1578998495.0122979
depth_00214.png,1578998495.0429714
depth_00215.png,1578998495.0820854
depth_00216.png,1578998495.1096234
depth_00217.png,1578998495.1503754
depth_00218.png,1578998495.1726325
depth_00219.png,1578998495.2156608
depth_00220.png,1578998495.252103
depth_00221.png,1578998495.2891436
depth_00222.png,1578998495.3188167
depth_00223.png,1578998495.340361
depth_00224.png,1578998495.3891337
depth_00225.png,1578998495.4203227
depth_00226.png,1578998495.4508595
depth_00227.png,1578998495.4745538
depth_00228.png,1578998495.5100746
depth_00229.png,1578998495.5448036
depth_00230.png,1578998495.5836222
depth_00231.png,1578998495.6133435
depth_00232.png,1578998495.6472995
depth_00233.png,1578998495.6787515
depth_00234.png,1578998495.7132227
depth_00235.png,1578998495.7499337
depth_00236.png,1578998495.7851076
depth_00237.png,1578998495.8193212
depth_00238.png,1578998495.855166
depth_00239.png,1578998495.8907115
depth_00240.png,1578998495.904239
depth_00241.png,1578998495.953371
depth_00242.png,1578998495.9729009
depth_00243.png,1578998496.0132034
depth_00244.png,1578998496.0489123
depth_00245.png,1578998496.0823574
depth_00246.png,1578998496.1402414
depth_00247.png,1578998496.1497068
depth_00248.png,1578998496.178029
depth_00249.png,1578998496.2111318
depth_00250.png,1578998496.2429457
depth_00251.png,1578998496.2797954
depth_00252.png,1578998496.3258395
depth_00253.png,1578998496.350197
depth_00254.png,1578998496.372349
depth_00255.png,1578998496.4149387
depth_00256.png,1578998496.4453125
depth_00257.png,1578998496.4799252
depth_00258.png,1578998496.5184474
depth_00259.png,1578998496.5549102
depth_00260.png,1578998496.5773728
depth_00261.png,1578998496.6037064
depth_00262.png,1578998496.6436644
depth_00263.png,1578998496.676227
depth_00264.png,1578998496.7054005
depth_00265.png,1578998496.7423034
depth_00266.png,1578998496.776049
depth_00267.png,1578998496.811067
depth_00268.png,1578998496.8448472
depth_00269.png,1578998496.8790207
depth_00270.png,1578998496.912669
depth_00271.png,1578998496.9451609
depth_00272.png,1578998496.9845288
depth_00273.png,1578998497.0150275
depth_00274.png,1578998497.0487583
depth_00275.png,1578998497.0842073
depth_00276.png,1578998497.1173353
depth_00277.png,1578998497.1480317
depth_00278.png,1578998497.1777878
depth_00279.png,1578998497.2043471
depth_00280.png,1578998497.2446964
depth_00281.png,1578998497.2816367
depth_00282.png,1578998497.3166835
depth_00283.png,1578998497.3498995
depth_00284.png,1578998497.3809156
depth_00285.png,1578998497.4137404
depth_00286.png,1578998497.4459033
depth_00287.png,1578998497.478946
depth_00288.png,1578998497.5157974
depth_00289.png,1578998497.546996
depth_00290.png,1578998497.5822213
depth_00291.png,1578998497.6224139
depth_00292.png,1578998497.6537576
depth_00293.png,1578998497.6801305
depth_00294.png,1578998497.713576
depth_00295.png,1578998497.740252
depth_00296.png,1578998497.7803297
depth_00297.png,1578998497.8111773
depth_00298.png,1578998497.8473427
depth_00299.png,1578998497.8814325
depth_00300.png,1578998497.919496
depth_00301.png,1578998497.9485044
depth_00302.png,1578998497.9815776
depth_00303.png,1578998498.0156128
depth_00304.png,1578998498.0532103
depth_00305.png,1578998498.0891714
depth_00306.png,1578998498.1180336
depth_00307.png,1578998498.143234
depth_00308.png,1578998498.1756654
depth_00309.png,1578998498.210262
depth_00310.png,1578998498.2503471
depth_00311.png,1578998498.294492
depth_00312.png,1578998498.3207638
depth_00313.png,1578998498.35369
depth_00314.png,1578998498.376618
depth_00315.png,1578998498.41662
depth_00316.png,1578998498.4502432
depth_00317.png,1578998498.4851587
depth_00318.png,1578998498.5181212
depth_00319.png,1578998498.5520792
depth_00320.png,1578998498.5827715
depth_00321.png,1578998498.608879
depth_00322.png,1578998498.6440613
depth_00323.png,1578998498.6828065
depth_00324.png,1578998498.7184343
depth_00325.png,1578998498.7437594
depth_00326.png,1578998498.7740347
depth_00327.png,1578998498.8045642
depth_00328.png,1578998498.848306
depth_00329.png,1578998498.8829908
depth_00330.png,1578998498.919591
depth_00331.png,1578998498.9363854
depth_00332.png,1578998498.9787352
depth_00333.png,1578998499.013197
depth_00334.png,1578998499.048023
depth_00335.png,1578998499.0804584
depth_00336.png,1578998499.112806
depth_00337.png,1578998499.1469162
depth_00338.png,1578998499.1703606
depth_00339.png,1578998499.2070944
depth_00340.png,1578998499.2411168
depth_00341.png,1578998499.2814345
depth_00342.png,1578998499.3188221
depth_00343.png,1578998499.345833
depth_00344.png,1578998499.3760982
depth_00345.png,1578998499.4174323
depth_00346.png,1578998499.4466443
depth_00347.png,1578998499.490393
depth_00348.png,1578998499.5195632
depth_00349.png,1578998499.5448496
depth_00350.png,1578998499.5803177
depth_00351.png,1578998499.610736
depth_00352.png,1578998499.6524863
depth_00353.png,1578998499.6755593
depth_00354.png,1578998499.7084808
depth_00355.png,1578998499.7467887
depth_00356.png,1578998499.7782164
depth_00357.png,1578998499.814377
depth_00358.png,1578998499.8454952
depth_00359.png,1578998499.8818095
depth_00360.png,1578998499.9316447
depth_00361.png,1578998499.9522448
depth_00362.png,1578998499.9813428
depth_00363.png,1578998500.0170522
depth_00364.png,1578998500.0483212
depth_00365.png,1578998500.0768235
depth_00366.png,1578998500.1138468
depth_00367.png,1578998500.1463094
depth_00368.png,1578998500.178284
depth_00369.png,1578998500.2106183
depth_00370.png,1578998500.243585
depth_00371.png,1578998500.2878604
depth_00372.png,1578998500.3233206
depth_00373.png,1578998500.340025
depth_00374.png,1578998500.3878071
depth_00375.png,1578998500.4205163
depth_00376.png,1578998500.4431193
depth_00377.png,1578998500.4873486
depth_00378.png,1578998500.5058646
depth_00379.png,1578998500.5437942
depth_00380.png,1578998500.5960646
depth_00381.png,1578998500.6082792
depth_00382.png,1578998500.646988
depth_00383.png,1578998500.6772814
depth_00384.png,1578998500.704485
depth_00385.png,1578998500.7407944
depth_00386.png,1578998500.773786
depth_00387.png,1578998500.807372
depth_00388.png,1578998500.8521583
depth_00389.png,1578998500.8753047
depth_00390.png,1578998500.9121277
depth_00391.png,1578998500.9473424
depth_00392.png,1578998500.9861512
depth_00393.png,1578998501.0126948
depth_00394.png,1578998501.0511134
depth_00395.png,1578998501.070977
depth_00396.png,1578998501.1150472
depth_00397.png,1578998501.1500053
depth_00398.png,1578998501.175151
depth_00399.png,1578998501.2090664
depth_00400.png,1578998501.2489133
depth_00401.png,1578998501.2844381
depth_00402.png,1578998501.3078318
depth_00403.png,1578998501.3543184
depth_00404.png,1578998501.3791816
depth_00405.png,1578998501.4122248
depth_00406.png,1578998501.436601
depth_00407.png,1578998501.488996
depth_00408.png,1578998501.5181148
depth_00409.png,1578998501.5483515
depth_00410.png,1578998501.5901682
depth_00411.png,1578998501.614064
depth_00412.png,1578998501.6496851
depth_00413.png,1578998501.6844916
depth_00414.png,1578998501.707856
depth_00415.png,1578998501.7454114
depth_00416.png,1578998501.7821393
depth_00417.png,1578998501.815687
depth_00418.png,1578998501.8547926
depth_00419.png,1578998501.888192
depth_00420.png,1578998501.9075534
depth_00421.png,1578998501.950224
depth_00422.png,1578998501.9878187
depth_00423.png,1578998502.0195398
depth_00424.png,1578998502.0546687
depth_00425.png,1578998502.0768993
depth_00426.png,1578998502.1129582
depth_00427.png,1578998502.1518326
depth_00428.png,1578998502.184947
depth_00429.png,1578998502.2079208
depth_00430.png,1578998502.2427404
depth_00431.png,1578998502.285217
depth_00432.png,1578998502.3235056
depth_00433.png,1578998502.3456972
depth_00434.png,1578998502.389427
depth_00435.png,1578998502.4232333
depth_00436.png,1578998502.442791
depth_00437.png,1578998502.4860785
depth_00438.png,1578998502.5142791
depth_00439.png,1578998502.5440876
depth_00440.png,1578998502.5829072
depth_00441.png,1578998502.6149735
depth_00442.png,1578998502.6402
depth_00443.png,1578998502.683018
depth_00444.png,1578998502.708462
depth_00445.png,1578998502.7387567
depth_00446.png,1578998502.7803915
depth_00447.png,1578998502.8486855
depth_00448.png,1578998502.8833442
depth_00449.png,1578998502.9186869
depth_00450.png,1578998502.9503014
depth_00451.png,1578998502.9731398
depth_00452.png,1578998503.0182238
depth_00453.png,1578998503.0521536
depth_00454.png,1578998503.0858345
depth_00455.png,1578998503.1075382
depth_00456.png,1578998503.1462471
depth_00457.png,1578998503.205298
depth_00458.png,1578998503.2496135
depth_00459.png,1578998503.2845588
depth_00460.png,1578998503.3173633
depth_00461.png,1578998503.3516777
depth_00462.png,1578998503.3882706
depth_00463.png,1578998503.4064977
depth_00464.png,1578998503.4463663
depth_00465.png,1578998503.482254
depth_00466.png,1578998503.5174184
depth_00467.png,1578998503.5476859
depth_00468.png,1578998503.570442
depth_00469.png,1578998503.614785
depth_00470.png,1578998503.6467893
depth_00471.png,1578998503.6768253
depth_00472.png,1578998503.7134612
depth_00473.png,1578998503.7466514
depth_00474.png,1578998503.7796323
depth_00475.png,1578998503.8113961
depth_00476.png,1578998503.8464425
depth_00477.png,1578998503.8798811
depth_00478.png,1578998503.9160044
depth_00479.png,1578998503.9492202
depth_00480.png,1578998503.9837718
depth_00481.png,1578998504.018474
depth_00482.png,1578998504.0495646
depth_00483.png,1578998504.0842137
depth_00484.png,1578998504.1142745
depth_00485.png,1578998504.1407287
depth_00486.png,1578998504.177281
depth_00487.png,1578998504.2142394
depth_00488.png,1578998504.2518022
depth_00489.png,1578998504.2867897
depth_00490.png,1578998504.3210077
depth_00491.png,1578998504.352017
depth_00492.png,1578998504.3806257
depth_00493.png,1578998504.4119785
depth_00494.png,1578998504.4464965
depth_00495.png,1578998504.4796457
depth_00496.png,1578998504.518776
depth_00497.png,1578998504.5474157
depth_00498.png,1578998504.571454
depth_00499.png,1578998504.614211
depth_00500.png,1578998504.6457465
depth_00501.png,1578998504.671351
depth_00502.png,1578998504.7092729
depth_00503.png,1578998504.745675
depth_00504.png,1578998504.7752805
depth_00505.png,1578998504.8114197
depth_00506.png,1578998504.8455923
depth_00507.png,1578998504.879837
depth_00508.png,1578998504.9140458
depth_00509.png,1578998504.945117
depth_00510.png,1578998504.9810681
depth_00511.png,1578998505.0161762
depth_00512.png,1578998505.0498497
depth_00513.png,1578998505.0862703
depth_00514.png,1578998505.1154404
depth_00515.png,1578998505.1605158
depth_00516.png,1578998505.1864066
depth_00517.png,1578998505.2094648
depth_00518.png,1578998505.237593
depth_00519.png,1578998505.2759635
depth_00520.png,1578998505.3138196
depth_00521.png,1578998505.3502636
depth_00522.png,1578998505.387107
depth_00523.png,1578998505.4195845
depth_00524.png,1578998505.4512093
depth_00525.png,1578998505.4855492
depth_00526.png,1578998505.5172527
depth_00527.png,1578998505.5440433
depth_00528.png,1578998505.5820813
depth_00529.png,1578998505.6032965
depth_00530.png,1578998505.6431098
depth_00531.png,1578998505.6811292
depth_00532.png,1578998505.7190006
depth_00533.png,1578998505.7518516
depth_00534.png,1578998505.7856684
depth_00535.png,1578998505.8225439
depth_00536.png,1578998505.8408742
depth_00537.png,1578998505.8869414
depth_00538.png,1578998505.9205868
depth_00539.png,1578998505.9414783
depth_00540.png,1578998505.9740098
depth_00541.png,1578998506.014556
depth_00542.png,1578998506.047288
depth_00543.png,1578998506.0770378
depth_00544.png,1578998506.1067138
depth_00545.png,1578998506.1412425
depth_00546.png,1578998506.17078
depth_00547.png,1578998506.2114048
depth_00548.png,1578998506.2453792
depth_00549.png,1578998506.2825677
depth_00550.png,1578998506.3146424
depth_00551.png,1578998506.346763
depth_00552.png,1578998506.3814309
depth_00553.png,1578998506.4144175
depth_00554.png,1578998506.4479136
depth_00555.png,1578998506.4863517
depth_00556.png,1578998506.517119
depth_00557.png,1578998506.5471864
depth_00558.png,1578998506.580217
depth_00559.png,1578998506.6147754
depth_00560.png,1578998506.6469646
depth_00561.png,1578998506.683133
depth_00562.png,1578998506.7155495
depth_00563.png,1578998506.7390907
depth_00564.png,1578998506.781472
depth_00565.png,1578998506.8211691
depth_00566.png,1578998506.837485
depth_00567.png,1578998506.87659
depth_00568.png,1578998506.9257982
depth_00569.png,1578998506.9445038
depth_00570.png,1578998506.9860756
depth_00571.png,1578998507.019311
depth_00572.png,1578998507.050384
depth_00573.png,1578998507.0852017
depth_00574.png,1578998507.1161234
depth_00575.png,1578998507.152481
depth_00576.png,1578998507.1755974
depth_00577.png,1578998507.2041707
depth_00578.png,1578998507.246155
depth_00579.png,1578998507.275774
depth_00580.png,1578998507.3159332
depth_00581.png,1578998507.348731
depth_00582.png,1578998507.3880105
depth_00583.png,1578998507.417316
depth_00584.png,1578998507.4499059
depth_00585.png,1578998507.4857879
depth_00586.png,1578998507.5178769
depth_00587.png,1578998507.5505643
depth_00588.png,1578998507.5733807
depth_00589.png,1578998507.6118503
depth_00590.png,1578998507.6540973
depth_00591.png,1578998507.6852677
depth_00592.png,1578998507.7038822
depth_00593.png,1578998507.741797
depth_00594.png,1578998507.7751083
depth_00595.png,1578998507.808616
depth_00596.png,1578998507.843952
depth_00597.png,1578998507.8797717
depth_00598.png,1578998507.9157288
depth_00599.png,1578998507.9504435
depth_00600.png,1578998507.9842186
depth_00601.png,1578998508.0182424
depth_00602.png,1578998508.0522451
depth_00603.png,1578998508.0855443
depth_00604.png,1578998508.1081636
depth_00605.png,1578998508.153073
depth_00606.png,1578998508.1888645
depth_00607.png,1578998508.2091196
depth_00608.png,1578998508.2426407
depth_00609.png,1578998508.280597
depth_00610.png,1578998508.316059
depth_00611.png,1578998508.3489585
depth_00612.png,1578998508.3879845
depth_00613.png,1578998508.413759
depth_00614.png,1578998508.4363234
depth_00615.png,1578998508.4787905
depth_00616.png,1578998508.5147471
depth_00617.png,1578998508.5491302
depth_00618.png,1578998508.5943625
depth_00619.png,1578998508.6128936
depth_00620.png,1578998508.6373024
depth_00621.png,1578998508.6738489
depth_00622.png,1578998508.712844
depth_00623.png,1578998508.7465916
depth_00624.png,1578998508.7731042
depth_00625.png,1578998508.8170333
depth_00626.png,1578998508.8555944
depth_00627.png,1578998508.8920338
depth_00628.png,1578998508.9072013
depth_00629.png,1578998508.951143
depth_00630.png,1578998508.9857194
depth_00631.png,1578998509.015254
depth_00632.png,1578998509.0411685
depth_00633.png,1578998509.0815003
depth_00634.png,1578998509.11303
depth_00635.png,1578998509.1486125
depth_00636.png,1578998509.1802573
depth_00637.png,1578998509.2143624
depth_00638.png,1578998509.2409277
depth_00639.png,1578998509.284402
depth_00640.png,1578998509.3172321
depth_00641.png,1578998509.3553503
depth_00642.png,1578998509.3881173
depth_00643.png,1578998509.419918
depth_00644.png,1578998509.4438663
depth_00645.png,1578998509.4901323
depth_00646.png,1578998509.5067878
depth_00647.png,1578998509.5533044
depth_00648.png,1578998509.5813324
depth_00649.png,1578998509.6113105
depth_00650.png,1578998509.6486886
depth_00651.png,1578998509.68045
depth_00652.png,1578998509.7038093
depth_00653.png,1578998509.7478714
depth_00654.png,1578998509.7937536
depth_00655.png,1578998509.8069363
depth_00656.png,1578998509.8479805
depth_00657.png,1578998509.8854043
depth_00658.png,1578998509.9205353
depth_00659.png,1578998509.9514034
depth_00660.png,1578998509.9846125
depth_00661.png,1578998510.0181904
depth_00662.png,1578998510.0470312
depth_00663.png,1578998510.081036
depth_00664.png,1578998510.10316
depth_00665.png,1578998510.1560488
depth_00666.png,1578998510.1790414
depth_00667.png,1578998510.2054474
depth_00668.png,1578998510.24587
depth_00669.png,1578998510.2853842
depth_00670.png,1578998510.3222868
depth_00671.png,1578998510.3581336
depth_00672.png,1578998510.3772492
depth_00673.png,1578998510.4119453
depth_00674.png,1578998510.4545944
depth_00675.png,1578998510.490931
depth_00676.png,1578998510.515963
depth_00677.png,1578998510.550021
depth_00678.png,1578998510.5833602
depth_00679.png,1578998510.6114073
depth_00680.png,1578998510.638621
depth_00681.png,1578998510.6797123
depth_00682.png,1578998510.71569
depth_00683.png,1578998510.744043
depth_00684.png,1578998510.787777
depth_00685.png,1578998510.8207288
depth_00686.png,1578998510.8475978
depth_00687.png,1578998510.8862574
depth_00688.png,1578998510.9176435
depth_00689.png,1578998510.9492707
depth_00690.png,1578998510.9855132
depth_00691.png,1578998511.0186977
depth_00692.png,1578998511.0436115
depth_00693.png,1578998511.0783927
depth_00694.png,1578998511.1148162
depth_00695.png,1578998511.1469886
depth_00696.png,1578998511.1860325
depth_00697.png,1578998511.2282407
depth_00698.png,1578998511.2525618
depth_00699.png,1578998511.2744296
depth_00700.png,1578998511.3222852
depth_00701.png,1578998511.3427274
depth_00702.png,1578998511.3785956
depth_00703.png,1578998511.4158964
depth_00704.png,1578998511.4447913
depth_00705.png,1578998511.4953704
depth_00706.png,1578998511.5173576
depth_00707.png,1578998511.5493743
depth_00708.png,1578998511.5818803
depth_00709.png,1578998511.620346
depth_00710.png,1578998511.6487055
depth_00711.png,1578998511.6739028
depth_00712.png,1578998511.7145936
depth_00713.png,1578998511.7413056
depth_00714.png,1578998511.7829993
depth_00715.png,1578998511.8155847
depth_00716.png,1578998511.8514636
depth_00717.png,1578998511.8848143
depth_00718.png,1578998511.91817
depth_00719.png,1578998511.9503453
depth_00720.png,1578998511.9709468
depth_00721.png,1578998512.0110407
depth_00722.png,1578998512.0479538
depth_00723.png,1578998512.0831583
depth_00724.png,1578998512.1158433
depth_00725.png,1578998512.1440606
depth_00726.png,1578998512.178743
depth_00727.png,1578998512.217434
depth_00728.png,1578998512.2497945
depth_00729.png,1578998512.2707634
depth_00730.png,1578998512.3150256
depth_00731.png,1578998512.3539808
depth_00732.png,1578998512.3972867
depth_00733.png,1578998512.422947
depth_00734.png,1578998512.444128
depth_00735.png,1578998512.4828854
depth_00736.png,1578998512.5172446
depth_00737.png,1578998512.5545263
depth_00738.png,1578998512.5874069
depth_00739.png,1578998512.6121783
depth_00740.png,1578998512.6476738
depth_00741.png,1578998512.6762533
depth_00742.png,1578998512.7056532
depth_00743.png,1578998512.748519
depth_00744.png,1578998512.7828805
depth_00745.png,1578998512.81736
depth_00746.png,1578998512.8466773
depth_00747.png,1578998512.8721642
depth_00748.png,1578998512.9085128
depth_00749.png,1578998512.94345
depth_00750.png,1578998512.9804323
depth_00751.png,1578998513.0308585
depth_00752.png,1578998513.0448508
depth_00753.png,1578998513.0769348
depth_00754.png,1578998513.1169596
depth_00755.png,1578998513.159473
depth_00756.png,1578998513.1748807
depth_00757.png,1578998513.2150753
depth_00758.png,1578998513.2525482
depth_00759.png,1578998513.2752366
depth_00760.png,1578998513.3191798
depth_00761.png,1578998513.3542962
depth_00762.png,1578998513.3878741
depth_00763.png,1578998513.420059
depth_00764.png,1578998513.4529874
depth_00765.png,1578998513.482946
depth_00766.png,1578998513.5104976
depth_00767.png,1578998513.552695
depth_00768.png,1578998513.5887485
depth_00769.png,1578998513.6221218
depth_00770.png,1578998513.6552837
depth_00771.png,1578998513.6797338
depth_00772.png,1578998513.7046409
depth_00773.png,1578998513.7434335
depth_00774.png,1578998513.7742095
depth_00775.png,1578998513.8093326
depth_00776.png,1578998513.8484392
depth_00777.png,1578998513.8787105
depth_00778.png,1578998513.9031665
depth_00779.png,1578998513.9415088
depth_00780.png,1578998513.9786997
depth_00781.png,1578998514.018813
depth_00782.png,1578998514.0431268
depth_00783.png,1578998514.074194
depth_00784.png,1578998514.1060517
depth_00785.png,1578998514.1425006
depth_00786.png,1578998514.1924813
depth_00787.png,1578998514.223342
depth_00788.png,1578998514.2564166
depth_00789.png,1578998514.289164
depth_00790.png,1578998514.3202538
depth_00791.png,1578998514.3388488
depth_00792.png,1578998514.3759212
depth_00793.png,1578998514.4152107
depth_00794.png,1578998514.4502783
depth_00795.png,1578998514.4737017
depth_00796.png,1578998514.5124834
depth_00797.png,1578998514.5512826
depth_00798.png,1578998514.5771172
depth_00799.png,1578998514.6108422
depth_00800.png,1578998514.652044
depth_00801.png,1578998514.673271
depth_00802.png,1578998514.7188978
depth_00803.png,1578998514.750408
depth_00804.png,1578998514.7754872
depth_00805.png,1578998514.8286154
depth_00806.png,1578998514.848378
depth_00807.png,1578998514.8749545
depth_00808.png,1578998514.9163406
depth_00809.png,1578998514.9560425
depth_00810.png,1578998514.9862692
depth_00811.png,1578998515.0206792
depth_00812.png,1578998515.0527382
depth_00813.png,1578998515.0779808
depth_00814.png,1578998515.1156385
depth_00815.png,1578998515.1558294
depth_00816.png,1578998515.1749275
depth_00817.png,1578998515.2117865
depth_00818.png,1578998515.2378511
depth_00819.png,1578998515.2788482
depth_00820.png,1578998515.3200045
depth_00821.png,1578998515.3462298
depth_00822.png,1578998515.3767602
depth_00823.png,1578998515.4248853
depth_00824.png,1578998515.4662924
depth_00825.png,1578998515.4932885
depth_00826.png,1578998515.5181608
depth_00827.png,1578998515.5440934
depth_00828.png,1578998515.5835776
depth_00829.png,1578998515.614516
depth_00830.png,1578998515.6493165
depth_00831.png,1578998515.6793725
depth_00832.png,1578998515.7204654
depth_00833.png,1578998515.7404742
depth_00834.png,1578998515.7790225
depth_00835.png,1578998515.8081298
depth_00836.png,1578998515.837619
depth_00837.png,1578998515.8815346
depth_00838.png,1578998515.919847
depth_00839.png,1578998515.9397247
depth_00840.png,1578998515.9811902
depth_00841.png,1578998516.016268
depth_00842.png,1578998516.0475113
depth_00843.png,1578998516.0816188
depth_00844.png,1578998516.1037695
depth_00845.png,1578998516.154831
depth_00846.png,1578998516.1798818
depth_00847.png,1578998516.2077734
depth_00848.png,1578998516.2440517
depth_00849.png,1578998516.2888198
depth_00850.png,1578998516.321115
depth_00851.png,1578998516.3564222
depth_00852.png,1578998516.3797348
depth_00853.png,1578998516.411816
depth_00854.png,1578998516.4503515
depth_00855.png,1578998516.482947
depth_00856.png,1578998516.5184064
depth_00857.png,1578998516.5488567
depth_00858.png,1578998516.586757
depth_00859.png,1578998516.6039016
depth_00860.png,1578998516.645142
depth_00861.png,1578998516.6802824
depth_00862.png,1578998516.7032697
depth_00863.png,1578998516.7401624
depth_00864.png,1578998516.7783823
depth_00865.png,1578998516.8204002
depth_00866.png,1578998516.8450942
depth_00867.png,1578998516.8958552
depth_00868.png,1578998516.9204164
depth_00869.png,1578998516.9531126
depth_00870.png,1578998516.9929101
depth_00871.png,1578998517.0167813
depth_00872.png,1578998517.0364366
depth_00873.png,1578998517.077445
depth_00874.png,1578998517.1136665
depth_00875.png,1578998517.1515045
depth_00876.png,1578998517.1824393
depth_00877.png,1578998517.2116888
depth_00878.png,1578998517.268832
depth_00879.png,1578998517.2802892
depth_00880.png,1578998517.3157465
depth_00881.png,1578998517.3476746
depth_00882.png,1578998517.3894675
depth_00883.png,1578998517.4344192
depth_00884.png,1578998517.4457884
depth_00885.png,1578998517.4827945
depth_00886.png,1578998517.5249498
depth_00887.png,1578998517.5573936
depth_00888.png,1578998517.579752
depth_00889.png,1578998517.6063478
depth_00890.png,1578998517.646683
depth_00891.png,1578998517.6756713
depth_00892.png,1578998517.71932
depth_00893.png,1578998517.7533529
depth_00894.png,1578998517.7723463
depth_00895.png,1578998517.8086345
depth_00896.png,1578998517.8508403
depth_00897.png,1578998517.8939338
depth_00898.png,1578998517.9260929
depth_00899.png,1578998517.9528928
depth_00900.png,1578998517.983496
depth_00901.png,1578998518.01931
depth_00902.png,1578998518.0488846
depth_00903.png,1578998518.0813375
depth_00904.png,1578998518.115086
depth_00905.png,1578998518.1560721
depth_00906.png,1578998518.1841273
depth_00907.png,1578998518.2186534
depth_00908.png,1578998518.2507026
depth_00909.png,1578998518.277172
depth_00910.png,1578998518.3142502
depth_00911.png,1578998518.3533626
depth_00912.png,1578998518.3905425
depth_00913.png,1578998518.4064038
depth_00914.png,1578998518.4452965
depth_00915.png,1578998518.4802544
depth_00916.png,1578998518.5154855
depth_00917.png,1578998518.5484023
depth_00918.png,1578998518.6022508
depth_00919.png,1578998518.623166
depth_00920.png,1578998518.652209
depth_00921.png,1578998518.6779196
depth_00922.png,1578998518.7062674
depth_00923.png,1578998518.7472312
depth_00924.png,1578998518.7843382
depth_00925.png,1578998518.8218515
depth_00926.png,1578998518.8543017
depth_00927.png,1578998518.8914585
depth_00928.png,1578998518.9088857
depth_00929.png,1578998518.9553676
depth_00930.png,1578998518.9766831
depth_00931.png,1578998519.0223303
depth_00932.png,1578998519.045565
depth_00933.png,1578998519.081129
depth_00934.png,1578998519.1171353
depth_00935.png,1578998519.1636379
depth_00936.png,1578998519.1759248
depth_00937.png,1578998519.2161734
depth_00938.png,1578998519.253853
depth_00939.png,1578998519.2825127
depth_00940.png,1578998519.3050396
depth_00941.png,1578998519.3439727
depth_00942.png,1578998519.3972678
depth_00943.png,1578998519.4148169
depth_00944.png,1578998519.4599757
depth_00945.png,1578998519.4790957
depth_00946.png,1578998519.5164163
depth_00947.png,1578998519.553867
depth_00948.png,1578998519.587469
depth_00949.png,1578998519.6136544
depth_00950.png,1578998519.647094
depth_00951.png,1578998519.6911008
depth_00952.png,1578998519.7158418
depth_00953.png,1578998519.7451842
depth_00954.png,1578998519.778574
depth_00955.png,1578998519.831854
depth_00956.png,1578998519.8507414
depth_00957.png,1578998519.885811
depth_00958.png,1578998519.9194999
depth_00959.png,1578998519.959796
depth_00960.png,1578998519.97072
depth_00961.png,1578998520.017413
depth_00962.png,1578998520.0535018
depth_00963.png,1578998520.088583
depth_00964.png,1578998520.1103837
depth_00965.png,1578998520.1464007
depth_00966.png,1578998520.175529
depth_00967.png,1578998520.2093966
depth_00968.png,1578998520.2428923
depth_00969.png,1578998520.276224
depth_00970.png,1578998520.3053606
depth_00971.png,1578998520.3390577
depth_00972.png,1578998520.3791676
depth_00973.png,1578998520.414852
depth_00974.png,1578998520.4473932
depth_00975.png,1578998520.477044
depth_00976.png,1578998520.5196128
depth_00977.png,1578998520.5472336
depth_00978.png,1578998520.5960636
depth_00979.png,1578998520.6107242
depth_00980.png,1578998520.6537035
depth_00981.png,1578998520.680245
depth_00982.png,1578998520.7079973
depth_00983.png,1578998520.741145
depth_00984.png,1578998520.796765
depth_00985.png,1578998520.826336
depth_00986.png,1578998520.8548317
depth_00987.png,1578998520.8906145
depth_00988.png,1578998520.9116104
depth_00989.png,1578998520.9590318
depth_00990.png,1578998520.9757106
depth_00991.png,1578998521.01576
depth_00992.png,1578998521.049694
depth_00993.png,1578998521.072414
depth_00994.png,1578998521.118149
depth_00995.png,1578998521.146898
depth_00996.png,1578998521.1722608
depth_00997.png,1578998521.23277
depth_00998.png,1578998521.2422078
depth_00999.png,1578998521.289398
depth_01000.png,1578998521.3170724
depth_01001.png,1578998521.3542752
depth_01002.png,1578998521.3902936
depth_01003.png,1578998521.4033852
depth_01004.png,1578998521.4414663
depth_01005.png,1578998521.4877245
depth_01006.png,1578998521.5208654
depth_01007.png,1578998521.5494733
depth_01008.png,1578998521.5755293
depth_01009.png,1578998521.625803
depth_01010.png,1578998521.649037
depth_01011.png,1578998521.674131
depth_01012.png,1578998521.7183857
depth_01013.png,1578998521.7422583
depth_01014.png,1578998521.7779346
depth_01015.png,1578998521.8122108
depth_01016.png,1578998521.840373
depth_01017.png,1578998521.8785248
depth_01018.png,1578998521.912694
